{"accuracy1": 0.09519038076152304, "accuracy2": 0.1533066132264529, "one_correct": 0.19438877755511022}